<?xml version="1.0"?>
<!DOCTYPE hibernate-mapping PUBLIC "-//Hibernate/Hibernate Mapping DTD 3.0//EN"
"http://hibernate.sourceforge.net/hibernate-mapping-3.0.dtd">
<!-- Generated 10-25-2015 09:44:59 PM by Hibernate Tools 3.4.0.CR1 -->
<hibernate-mapping>
    <class name="classes.Capacitacion" table="TBL_CAPACITACION">
        <id name="id_capacitacion" type="java.lang.Integer">
            <column name="ID_CAPACITACION" />
            <generator class="sequence">
            <param name="sequence">capacitacion_id_capacitacion_seq</param>
            </generator>
        </id>
        <property name="nombre" type="java.lang.String">
            <column name="NOMBRE" />
        </property>
        <property name="descripcion" type="java.lang.String">
            <column name="DESCRIPCION" />
        </property>
        <property name="lugar" type="java.lang.String">
            <column name="LUGAR" />
        </property>
        <property name="fecha_inicio" type="java.util.Date">
            <column name="FECHA_INICIO" />
        </property>
        <property name="fecha_fin" type="java.util.Date">
            <column name="FECHA_FIN" />
        </property>
        <many-to-one name="empleado" class="classes.Empleado" fetch="join">
            <column name="ID_EMPLEADO" />
        </many-to-one>
    </class>
</hibernate-mapping>
