<?xml version="1.0"?>
<!DOCTYPE hibernate-mapping PUBLIC "-//Hibernate/Hibernate Mapping DTD 3.0//EN"
"http://hibernate.sourceforge.net/hibernate-mapping-3.0.dtd">
<!-- Generated 10-25-2015 09:44:59 PM by Hibernate Tools 3.4.0.CR1 -->
<hibernate-mapping>
    <class name="classes.Criterio" table="TBL_CRITERIO">
        <id name="id_criterio" type="java.lang.Integer">
            <column name="ID_CRITERIO" />
            <generator class="sequence">
            <param name="sequence">criterio_id_criterio_seq</param>
            </generator>
        </id>
        <property name="descripcion" type="java.lang.String">
            <column name="DESCRIPCION" />
        </property>
        <property name="peso" type="java.lang.Double">
            <column name="PESO" />
        </property>
        <many-to-one name="puesto" class="classes.Puesto" fetch="join">
            <column name="ID_PUESTO" />
        </many-to-one>
    </class>
</hibernate-mapping>
