<?xml version="1.0"?>
<!DOCTYPE hibernate-mapping PUBLIC "-//Hibernate/Hibernate Mapping DTD 3.0//EN"
"http://hibernate.sourceforge.net/hibernate-mapping-3.0.dtd">
<!-- Generated 10-25-2015 09:44:59 PM by Hibernate Tools 3.4.0.CR1 -->
<hibernate-mapping>
    <class name="classes.Departamento" table="TBL_DEPARTAMENTO">
        <id name="id_departamento" type="java.lang.Integer">
            <column name="ID_DEPARTAMENTO" />
            <generator class="sequence">
            <param name="sequence">departamento_id_departamento_seq</param>
            </generator>
        </id>
        <property name="nombre" type="java.lang.String">
            <column name="NOMBRE" />
        </property>
        <property name="descripcion" type="java.lang.String">
            <column name="DESCRIPCION" />
        </property>
        <set name="empleados" table="TBL_EMPLEADO" inverse="false" lazy="true">
            <key>
                <column name="ID_DEPARTAMENTO" />
            </key>
            <one-to-many class="classes.Empleado" />
        </set>
    </class>
</hibernate-mapping>
