<?xml version="1.0"?>
<!DOCTYPE hibernate-mapping PUBLIC "-//Hibernate/Hibernate Mapping DTD 3.0//EN"
"http://hibernate.sourceforge.net/hibernate-mapping-3.0.dtd">
<!-- Generated 10-25-2015 09:44:59 PM by Hibernate Tools 3.4.0.CR1 -->
<hibernate-mapping>
    <class name="classes.Descuento" table="TBL_DESCUENTO">
        <id name="id_descuento" type="java.lang.Integer">
            <column name="ID_DESCUENTO" />
            <generator class="sequence">
            <param name="sequence">descuento_id_descuento_seq</param>
            </generator>
        </id>
        <property name="fecha" type="java.util.Date">
            <column name="FECHA" />
        </property>
        <many-to-one name="tipoDescuento" class="classes.TipoDescuento" fetch="join">
            <column name="TIPODESCUENTO" />
        </many-to-one>
        <many-to-one name="empleado" class="classes.Empleado" fetch="join">
            <column name="ID_EMPLEADO" />
        </many-to-one>
    </class>
</hibernate-mapping>
