<?xml version="1.0"?>
<!DOCTYPE hibernate-mapping PUBLIC "-//Hibernate/Hibernate Mapping DTD 3.0//EN"
"http://hibernate.sourceforge.net/hibernate-mapping-3.0.dtd">
<!-- Generated 10-25-2015 09:44:59 PM by Hibernate Tools 3.4.0.CR1 -->
<hibernate-mapping>
    <class name="classes.Empleado" table="TBL_EMPLEADO">
        <id name="id_empleado" type="java.lang.Integer">
            <column name="ID_EMPLEADO" />
            <generator class="sequence">
            <param name="sequence">empleado_id_empleado_seq</param>
            </generator>
        </id>
        <property name="dui" type="java.lang.String">
            <column name="DUI" />
        </property>
        <property name="nit" type="java.lang.String">
            <column name="NIT" />
        </property>
        <property name="isss" type="java.lang.String">
            <column name="ISSS" />
        </property>
        <property name="afp" type="java.lang.String">
            <column name="AFP" />
        </property>
        <property name="nombre" type="java.lang.String">
            <column name="NOMBRE" />
        </property>
        <property name="apellido" type="java.lang.String">
            <column name="APELLIDO" />
        </property>
        <property name="sexo" type="char">
            <column name="SEXO" />
        </property>
        <property name="cuenta" type="java.lang.String">
            <column name="CUENTA" />
        </property>
        <property name="fecha_nacimiento" type="java.util.Date">
            <column name="FECHA_NACIMIENTO" />
        </property>
        <property name="salario" type="java.lang.Double">
            <column name="SALARIO" />
        </property>
        <many-to-one name="departamento" class="classes.Departamento" fetch="join">
            <column name="ID_DEPARTAMENTO" />
        </many-to-one>
        <many-to-one name="puesto" class="classes.Puesto" fetch="join">
            <column name="ID_PUESTO_TRABAJO" />
        </many-to-one>
        <set name="vacacion" table="TBL_VACACION" inverse="false" lazy="true" access="field">
            <key>
                <column name="ID_EMPLEADO" />
            </key>
            <one-to-many class="classes.Vacacion" />
        </set>
        <set name="planilla" table="TBL_PLANILLA" inverse="false" lazy="true" access="field">
            <key>
                <column name="ID_EMPLEADO" />
            </key>
            <one-to-many class="classes.Planilla" />
        </set>
        <set name="sancion" table="TBL_SANCION" inverse="false" lazy="true" access="field">
            <key>
                <column name="ID_EMPLEADO" />
            </key>
            <one-to-many class="classes.Sancion" />
        </set>
        <set name="reconocimiento" table="TBL_RECONOCIMIENTO" inverse="false" lazy="true" access="field">
            <key>
                <column name="ID_EMPLEADO" />
            </key>
            <one-to-many class="classes.Reconocimiento" />
        </set>
        <set name="permiso" table="TBL_PERMISO" inverse="false" lazy="true" access="field">
            <key>
                <column name="ID_EMPLEADO" />
            </key>
            <one-to-many class="classes.Permiso" />
        </set>
        <set name="bono" table="TBL_BONO" inverse="false" lazy="true" access="field">
            <key>
                <column name="ID_EMPLEADO" />
            </key>
            <one-to-many class="classes.Bono" />
        </set>
        <set name="capacitacion" table="TBL_CAPACITACION" inverse="false" lazy="true" access="field">
            <key>
                <column name="ID_EMPLEADO" />
            </key>
            <one-to-many class="classes.Capacitacion" />
        </set>
        <set name="contrato" table="TBL_CONTRATO" inverse="false" lazy="true" access="field">
            <key>
                <column name="ID_EMPLEADO" />
            </key>
            <one-to-many class="classes.Contrato" />
        </set>
        <set name="descuento" table="TBL_DESCUENTO" inverse="false" lazy="true" access="field">
            <key>
                <column name="ID_EMPLEADO" />
            </key>
            <one-to-many class="classes.Descuento" />
        </set>
        <set name="educacion" table="TBL_EDUCACION" inverse="false" lazy="true" access="field">
            <key>
                <column name="ID_EMPLEADO" />
            </key>
            <one-to-many class="classes.Educacion" />
        </set>
        <set name="evaluacion" table="TBL_EVALUACION" inverse="false" lazy="true" access="field">
            <key>
                <column name="ID_EMPLEADO" />
            </key>
            <one-to-many class="classes.Evaluacion" />
        </set>
    </class>
</hibernate-mapping>
