<?xml version="1.0"?>
<!DOCTYPE hibernate-mapping PUBLIC "-//Hibernate/Hibernate Mapping DTD 3.0//EN"
"http://hibernate.sourceforge.net/hibernate-mapping-3.0.dtd">
<!-- Generated 10-25-2015 09:44:59 PM by Hibernate Tools 3.4.0.CR1 -->
<hibernate-mapping>
    <class name="classes.Evaluacion" table="TBL_EVALUACION">
        <id name="id_evaluacion" type="java.lang.Integer">
            <column name="ID_EVALUACION" />
            <generator class="sequence">
            <param name="sequence">evaluacion_id_evaluacion_seq</param>
            </generator>
        </id>
        <property name="puntaje" type="java.lang.Double">
            <column name="PUNTAJE" />
        </property>
        <property name="fecha" type="java.util.Date">
            <column name="FECHA" />
        </property>
        <many-to-one name="empleado" class="classes.Empleado" fetch="join">
            <column name="ID_EMPLEADO" />
        </many-to-one>
        <set name="criterio" table="TBL_CRITERIO" inverse="false" lazy="true">
            <key>
                <column name="ID_EVALUACION" />
            </key>
            <one-to-many class="classes.Criterio" />
        </set>
    </class>
</hibernate-mapping>
