<?xml version="1.0"?>
<!DOCTYPE hibernate-mapping PUBLIC "-//Hibernate/Hibernate Mapping DTD 3.0//EN"
"http://hibernate.sourceforge.net/hibernate-mapping-3.0.dtd">
<!-- Generated 10-25-2015 09:44:59 PM by Hibernate Tools 3.4.0.CR1 -->
<hibernate-mapping>
    <class name="classes.Permiso" table="TBL_PERMISO">
        <id name="id_permiso" type="java.lang.Integer">
            <column name="ID_PERMISO" />
            <generator class="sequence">
            <param name="sequence">permiso_id_permiso_seq</param>
            </generator>
        </id>
        <property name="remunerado" type="java.lang.Boolean">
            <column name="REMUNERADO" />
        </property>
        <property name="inicio" type="java.util.Date">
            <column name="INICIO" />
        </property>
        <property name="fin" type="java.util.Date">
            <column name="FIN" />
        </property>
        <many-to-one name="empleado" class="classes.Empleado" fetch="join">
            <column name="ID_EMPLEADO" />
        </many-to-one>
    </class>
</hibernate-mapping>
