<?xml version="1.0"?>
<!DOCTYPE hibernate-mapping PUBLIC "-//Hibernate/Hibernate Mapping DTD 3.0//EN"
"http://hibernate.sourceforge.net/hibernate-mapping-3.0.dtd">
<!-- Generated 10-25-2015 09:44:59 PM by Hibernate Tools 3.4.0.CR1 -->
<hibernate-mapping>
    <class name="classes.Planilla" table="TBL_PLANILLA">
        <id name="id_planilla" type="java.lang.Integer">
            <column name="ID_PLANILLA" />
            <generator class="sequence">
            <param name="sequence">planilla_id_planilla_seq</param>
            </generator>
        </id>
        <property name="fecha_inicio" type="java.util.Date">
            <column name="FECHA_INICIO" />
        </property>
        <property name="fecha_fin" type="java.util.Date">
            <column name="FECHA_FIN" />
        </property>
        <property name="dias_trabajados" type="java.lang.Double">
            <column name="DIAS_TRABAJADOS" />
        </property>
        <property name="horas" type="java.lang.Double">
            <column name="HORAS" />
        </property>
        <property name="extras_diurnas" type="java.lang.Double">
            <column name="EXTRAS_DIURNAS" />
        </property>
        <property name="extras_nocturnas" type="java.lang.Double">
            <column name="EXTRAS_NOCTURNAS" />
        </property>
        <property name="feriado" type="java.lang.Double">
            <column name="FERIADO" />
        </property>
        <property name="ajuste" type="java.lang.Double">
            <column name="AJUSTE" />
        </property>
        <property name="total_descuento" type="java.lang.Double">
            <column name="TOTAL_DESCUENTO" />
        </property>
        <property name="salario_devengado" type="java.lang.Double">
            <column name="SALARIO_DEVENGADO" />
        </property>
        <property name="planilla" type="java.lang.String">
            <column name="PLANILLA" />
        </property>
        <many-to-one name="empleado" class="classes.Empleado" fetch="join">
            <column name="ID_EMPLEADO" />
        </many-to-one>
    </class>
</hibernate-mapping>
