<?xml version="1.0"?>
<!DOCTYPE hibernate-mapping PUBLIC "-//Hibernate/Hibernate Mapping DTD 3.0//EN"
"http://hibernate.sourceforge.net/hibernate-mapping-3.0.dtd">
<!-- Generated 10-25-2015 09:44:59 PM by Hibernate Tools 3.4.0.CR1 -->
<hibernate-mapping>
    <class name="classes.Puesto" table="TBL_PUESTO_TRABAJO">
        <id name="id_puesto_trabajo" type="java.lang.Integer">
            <column name="ID_PUESTO_TRABAJO" />
            <generator class="sequence">
            <param name="sequence">puesto_trabajo_id_puesto_trabajo_seq</param>
            </generator>
        </id>
        <property name="nombre" type="java.lang.String">
            <column name="NOMBRE" />
        </property>
        <property name="descripcion" type="java.lang.String">
            <column name="DESCRIPCION" />
        </property>
        <property name="salario_min" type="java.lang.Double">
            <column name="SALARIO_MIN" />
        </property>
        <property name="salario_max" type="java.lang.Double">
            <column name="SALARIO_MAX" />
        </property>
        <set name="empleado" table="TBL_EMPLEADO" inverse="false" lazy="true">
            <key>
                <column name="ID_PUESTO_TRABAJO" />
            </key>
            <one-to-many class="classes.Empleado" />
        </set>
        <set name="objetivo" table="TBL_OBJETIVO" inverse="false" lazy="true" access="field">
            <key>
                <column name="ID_PUESTO_TRABAJO" />
            </key>
            <one-to-many class="classes.Objetivo" />
        </set>
        <set name="criterio" table="TBL_CRITERIO" inverse="false" lazy="true" access="field">
            <key>
                <column name="ID_PUESTO_TRABAJO" />
            </key>
            <one-to-many class="classes.Criterio" />
        </set>
    </class>
</hibernate-mapping>
