<?xml version="1.0"?>
<!DOCTYPE hibernate-mapping PUBLIC "-//Hibernate/Hibernate Mapping DTD 3.0//EN"
"http://hibernate.sourceforge.net/hibernate-mapping-3.0.dtd">
<!-- Generated 10-25-2015 09:44:59 PM by Hibernate Tools 3.4.0.CR1 -->
<hibernate-mapping>
    <class name="classes.Reconocimiento" table="TBL_RECONOCIMIENTO">
        <id name="id_reconocimiento" type="java.lang.Integer">
            <column name="ID_RECONOCIMIENTO" />
            <generator class="sequence">
            <param name="sequence">reconocimiento_id_reconocimiento_seq</param>
            </generator>
        </id>
        <property name="descripcion" type="java.lang.String">
            <column name="DESCRIPCION" />
        </property>
        <many-to-one name="empleado" class="classes.Empleado" fetch="join">
            <column name="ID_EMPLEADO" />
        </many-to-one>
    </class>
</hibernate-mapping>
