<?xml version="1.0"?>
<!DOCTYPE hibernate-mapping PUBLIC "-//Hibernate/Hibernate Mapping DTD 3.0//EN"
"http://hibernate.sourceforge.net/hibernate-mapping-3.0.dtd">
<!-- Generated 10-25-2015 09:44:59 PM by Hibernate Tools 3.4.0.CR1 -->
<hibernate-mapping>
    <class name="classes.Sancion" table="TBL_SANCION">
        <id name="id_sancion" type="java.lang.Integer">
            <column name="ID_SANCION" />
            <generator class="sequence">
            <param name="sequence">sancion_id_sancion_seq</param>
            </generator>
        </id>
        <property name="gravedad" type="java.lang.Double">
            <column name="GRAVEDAD" />
        </property>
        <property name="descripcion" type="java.lang.String">
            <column name="DESCRIPCION" />
        </property>
        <property name="fecha" type="java.util.Date">
            <column name="FECHA" />
        </property>
        <many-to-one name="empleado" class="classes.Empleado" fetch="join">
            <column name="ID_EMPLEADO" />
        </many-to-one>
    </class>
</hibernate-mapping>
