<?xml version="1.0"?>
<!DOCTYPE hibernate-mapping PUBLIC "-//Hibernate/Hibernate Mapping DTD 3.0//EN"
"http://hibernate.sourceforge.net/hibernate-mapping-3.0.dtd">
<!-- Generated 10-25-2015 09:44:59 PM by Hibernate Tools 3.4.0.CR1 -->
<hibernate-mapping>
    <class name="classes.TipoDescuento" table="TBL_TIPO_DESCUENTO">
        <id name="id_tipo_descuento" type="java.lang.Integer">
            <column name="ID_TIPO_DESCUENTO" />
            <generator class="sequence">
            <param name="sequence">tipo_descuento_id_tipo_descuento_seq</param>
            </generator>
        </id>
        <property name="descripcion" type="java.lang.String">
            <column name="DESCRIPCION" />
        </property>
        <property name="porcentaje" type="java.lang.Double">
            <column name="PORCENTAJE" />
        </property>
        <property name="monto" type="java.lang.Double">
            <column name="MONTO" />
        </property>
        <set name="descuento" table="TBL_DESCUENTO" inverse="false" lazy="true">
            <key>
                <column name="ID_TIPO_DESCUENTO" />
            </key>
            <one-to-many class="classes.Descuento" />
        </set>
    </class>
</hibernate-mapping>
