<?xml version="1.0"?>
<!DOCTYPE hibernate-mapping PUBLIC "-//Hibernate/Hibernate Mapping DTD 3.0//EN"
"http://hibernate.sourceforge.net/hibernate-mapping-3.0.dtd">
<!-- Generated 10-25-2015 09:44:59 PM by Hibernate Tools 3.4.0.CR1 -->
<hibernate-mapping>
    <class name="classes.TipoBono" table="TBL_TIPO_BONO">
        <id name="id_tipo_bono" type="java.lang.Integer">
            <column name="ID_TIPO_BONO" />
            <generator class="sequence">
            <param name="sequence">tipo_bono_id_tipo_bono_seq</param>
            </generator>
        </id>
        <many-to-one name="puesto" class="classes.Puesto" fetch="join">
            <column name="PUESTO" />
        </many-to-one>
        <property name="monto" type="java.lang.Double">
            <column name="MONTO" />
        </property>
        <property name="nombre" type="java.lang.String">
            <column name="NOMBRE" />
        </property>
        <property name="porcentaje" type="java.lang.Double">
            <column name="PORCENTAJE" />
        </property>
        <set name="bono" table="TBL_BONO" inverse="false" lazy="true">
            <key>
                <column name="ID_TIPO_BONO" />
            </key>
            <one-to-many class="classes.Bono" />
        </set>
    </class>
</hibernate-mapping>
