<?xml version="1.0"?>
<!DOCTYPE hibernate-mapping PUBLIC "-//Hibernate/Hibernate Mapping DTD 3.0//EN"
"http://hibernate.sourceforge.net/hibernate-mapping-3.0.dtd">
<!-- Generated 10-25-2015 09:44:59 PM by Hibernate Tools 3.4.0.CR1 -->
<hibernate-mapping>
    <class name="classes.Vacacion" table="TBL_VACACION">
        <id name="id_vacacion" type="java.lang.Integer">
            <column name="ID_VACACION" />
            <generator class="sequence">
            <param name="sequence">vacacion_id_vacacion_seq</param>
            </generator>
        </id>
        <property name="fecha_inicio" type="java.util.Date">
            <column name="FECHA_INICIO" />
        </property>
        <property name="fecha_fin" type="java.util.Date">
            <column name="FECHA_FIN" />
        </property>
        <many-to-one name="empleado" class="classes.Empleado" fetch="join">
            <column name="ID_EMPLEADO" />
        </many-to-one>
    </class>
</hibernate-mapping>
