<?xml version="1.0" encoding="UTF-8"?>
<!DOCTYPE hibernate-configuration PUBLIC
		"-//Hibernate/Hibernate Configuration DTD 3.0//EN"
		"http://hibernate.sourceforge.net/hibernate-configuration-3.0.dtd">
<hibernate-configuration>
    <session-factory name="pribantsa">
        <property name="hibernate.connection.driver_class">org.postgresql.Driver</property>
        <property name="hibernate.connection.password">pribantsa</property>
        <property name="hibernate.connection.url">jdbc:postgresql://localhost:5432/pribantsa</property>
        <property name="hibernate.connection.username">pribantsa</property>
        <property name="hibernate.default_schema">pribantsa</property>
        <property name="hibernate.dialect">org.hibernate.dialect.PostgreSQLDialect</property>
    	<property name="show_sql">true</property>
    	<property name="format_sql">true</property>
    	<mapping resource="classes/Bono.hbm.xml" />
    	<mapping resource="classes/Capacitacion.hbm.xml" />
    	<mapping resource="classes/Contrato.hbm.xml" />
    	<mapping resource="classes/Criterio.hbm.xml" />
    	<mapping resource="classes/Departamento.hbm.xml" />
    	<mapping resource="classes/Descuento.hbm.xml" />
    	<mapping resource="classes/Educacion.hbm.xml" />
    	<mapping resource="classes/Empleado.hbm.xml" />
    	<mapping resource="classes/Evaluacion.hbm.xml" />
    	<mapping resource="classes/Objetivo.hbm.xml" />
    	<mapping resource="classes/Permiso.hbm.xml" />
    	<mapping resource="classes/Planilla.hbm.xml" />
    	<mapping resource="classes/Puesto.hbm.xml" />
    	<mapping resource="classes/Reconocimiento.hbm.xml" />
    	<mapping resource="classes/Sancion.hbm.xml" />
    	<mapping resource="classes/TipoBono.hbm.xml" />
    	<mapping resource="classes/TipoDescuento.hbm.xml" />
    	<mapping resource="classes/Vacacion.hbm.xml" />
    </session-factory>
</hibernate-configuration>
